"","ZIPS","county","startday","endday","longitude","latitude","lastdays","sqmi_burned","incident_id","incident_url"
"1",6025,"Imperial","2020-04-04","2020-04-12",-115.5865,32.93432,9,0.4296875,"a87d4713-817a-47ac-9fa5-427c474cf9a5","https://www.fire.ca.gov/incidents/2020/4/4/carter-fire/"
"2",6103,"Tehama","2020-04-23","2020-04-24",-122.43905,40.09554,2,0.040625,"3eff88c0-89ee-4abe-8f6d-f74b90c42f30","https://www.fire.ca.gov/incidents/2020/4/23/red-fire/"
"3",6013,"Contra Costa","2020-04-27","2020-04-27",-121.595225,37.82066,1,0.0734375,"18b88d88-2c76-41cb-9b07-5c9dda8f56d9","https://www.fire.ca.gov/incidents/2020/4/27/byron-fire/"
"4",6019,"Kings","2020-05-03","2020-05-03",-120.106407,36.075003,1,3.21875,"2dac9fb4-1c2a-405a-93be-92ed7788a1d2","https://www.fire.ca.gov/incidents/2020/5/3/interstate-5-fire/"
"5",6083,"Santa Barbara","2020-05-07","2020-05-09",-120.29379,34.47438,3,0.24375,"d0dbf515-0e04-42d9-a46b-8ea21d18374a","https://www.fire.ca.gov/incidents/2020/5/7/hollister-fire/"
"6",6007,"Butte","2020-05-08","2020-05-08",-121.47273,39.42208,1,0.0265625,"9a8425a9-f3ba-4afe-82d2-d9a9776959aa","https://www.fire.ca.gov/incidents/2020/5/8/candy-fire/"
"7",6065,"Riverside","2020-05-18","2020-05-18",-117.024114,33.861054,1,0.03125,"3788f0dd-0d61-4458-95a2-ebda03b815b2","https://www.fire.ca.gov/incidents/2020/5/18/gilman-fire/"
"8",6055,"Napa","2020-05-22","2020-05-23",-122.403634,38.697834,2,0.03125,"adbbc326-9f9a-434d-b18b-67a44f3906e5","https://www.fire.ca.gov/incidents/2020/5/22/spanish-fire/"
"9",6079,"San Luis Obispo","2020-05-27","2020-05-28",-120.70524,35.34237,2,7.8125,"53d70cde-ef0f-49c1-80a9-dc306a8cc043","https://www.fire.ca.gov/incidents/2020/5/27/range-fire/"
"10",6065,"Riverside","2020-05-28","2020-05-28",-117.34934,33.83167,1,0.09375,"57f40970-22b5-4d75-a8f2-2482a18f5bca","https://www.fire.ca.gov/incidents/2020/5/28/harley-fire/"
"11",6035,"Lassen","2020-06-02","2020-06-02",-120.288882,40.809323,1,0.0578125,"0eca3343-e9f9-4d09-9fc3-95ab90b153ae","https://www.fire.ca.gov/incidents/2020/6/2/horn-fire/"
"12",6065,"Riverside","2020-06-02","2020-06-07",-116.524014,33.782532,6,0.2015625,"94b147a7-68ac-4e60-ba42-81fce8facd30","https://www.fire.ca.gov/incidents/2020/6/2/smoketree-fire/"
"13",6095,"Solano","2020-06-03","2020-06-04",-122.042199,38.232281,2,0.46875,"2672d8d0-6523-40da-ae4e-6ae6d48e810a","https://www.fire.ca.gov/incidents/2020/6/3/wildlife-fire/"
"14",6089,"Shasta","2020-06-04","2020-06-04",-122.097933,40.837885,1,0.0234375,"a5085c95-252d-4d1c-9e8a-6657a74b7ed5","https://www.fire.ca.gov/incidents/2020/6/4/brock-fire/"
"15",6085,"Santa Clara","2020-06-04","2020-06-07",-121.851895,37.229703,4,0.196875,"3837f75a-208d-41d0-8d89-5719a11912ef","https://www.fire.ca.gov/incidents/2020/6/4/colleen-fire/"
"16",6061,"Placer","2020-06-05","2020-06-05",-121.340239,38.98487,1,0.0609375,"57a6f6b7-eba1-4ed7-ba7b-6b078b06731d","https://www.fire.ca.gov/incidents/2020/6/5/karchner-fire/"
"17",6097,"Sonoma","2020-06-05","2020-06-06",-122.549816,38.224849,2,0.2203125,"db5ad2e7-dc3d-41f2-91b4-4019857ee51e","https://www.fire.ca.gov/incidents/2020/6/5/lakeville-fire/"
"18",6095,"Solano","2020-06-05","2020-06-05",-122.156313,38.196893,1,0.1234375,"5698ae57-d61f-421b-8b75-623e9aa6debb","https://www.fire.ca.gov/incidents/2020/6/5/mcgary-fire/"
"19",6097,"Sonoma","2020-06-06","2020-06-08",-122.536406,38.216134,3,0.1671875,"e3e89516-4647-44bf-bd24-3293303f0776","https://www.fire.ca.gov/incidents/2020/6/6/gulch-fire/"
"20",6095,"Solano","2020-06-06","2020-06-10",-122.038208,38.470809,5,2.8703125,"74b04a44-7cc1-4c8e-bd9e-9f3efa631df4","https://www.fire.ca.gov/incidents/2020/6/6/quail-fire/"
"21",6013,"Contra Costa","2020-06-06","2020-06-07",-122.002811,37.994368,2,0.15625,"b5527f83-ebbe-4b09-a701-4b4fe6d37b45","https://www.fire.ca.gov/incidents/2020/6/6/willow-fire/"
"22",6043,"Mariposa","2020-06-07","2020-06-10",-120.215454,37.61955,4,0.1328125,"876b63ff-62a2-4584-8aa2-d99f027c0e9f","https://www.fire.ca.gov/incidents/2020/6/7/hunters-fire/"
"23",6099,"Stanislaus","2020-06-08","2020-06-08",-121.16483,37.463636,1,0.125,"5a6e0c14-2906-4547-8024-e7b33071104b","https://www.fire.ca.gov/incidents/2020/6/8/sperry-fire/"
"24",6065,"Riverside","2020-06-08","2020-06-09",-117.37581,33.638067,2,0.0421875,"8a4b6636-55b6-4999-9de4-7b0cb22390a2","https://www.fire.ca.gov/incidents/2020/6/8/grand-fire/"
"25",6053,"Monterey","2020-06-08","2020-06-09",-120.81509,35.94979,2,0.359375,"6b50bab1-7dcf-43c8-b4d1-afada595dd32","https://www.fire.ca.gov/incidents/2020/6/8/bradley-fire/"
"26",6065,"Riverside","2020-06-08","2020-06-09",-117.46036,33.82925,2,0.15625,"125e30fa-37fb-46ea-86ab-13058518aab6","https://www.fire.ca.gov/incidents/2020/6/8/sierra-fire/"
"27",6065,"Riverside","2020-06-08","2020-06-08",-116.89655,33.78275,1,0.03125,"fdd59b55-6aa2-442f-b788-e1291bb49cb1","https://www.fire.ca.gov/incidents/2020/6/8/oak-fire/"
"28",6045,"Mendocino","2020-06-09","2020-06-10",-123.21318,38.89695,2,0.2359375,"dc1f8080-9c95-40e3-859b-71f6a080f05b","https://www.fire.ca.gov/incidents/2020/6/9/vineyard-fire/"
"29",6073,"San Diego","2020-06-09","2020-06-12",-117.47166,33.37579,4,1.71875,"21f49b4c-a5cd-4f17-90fd-b9f464b823c1","https://www.fire.ca.gov/incidents/2020/6/9/india-fire/"
"30",6111,"Ventura","2020-06-10","2020-06-12",-119.17808,34.29475,3,0.4515625,"c3c10b8f-a073-4ca6-bb7f-fdc57cf82b4c","https://www.fire.ca.gov/incidents/2020/6/10/elizabeth-fire/"
"31",6079,"San Luis Obispo","2020-06-10","2020-06-11",-120.00521,35.35146,2,2.6125,"3e6e0977-3563-442d-8bf3-d87c97b49880","https://www.fire.ca.gov/incidents/2020/6/10/soda-fire/"
"32",6111,"Ventura","2020-06-10","2020-06-17",-118.77347,34.46182,8,1.2546875,"4561c1c7-f447-4450-9ea8-f9717ee19f8d","https://www.fire.ca.gov/incidents/2020/6/10/lime-fire/"
"33",6073,"San Diego","2020-06-11","2020-06-14",-116.7862,32.73044,4,0.15625,"36e3b13b-c2d3-44f5-ba9f-23c1e9f73878","https://www.fire.ca.gov/incidents/2020/6/11/skyline-fire/"
"34",6073,"San Diego","2020-06-11","2020-06-13",-116.690712,32.580882,3,0.140625,"203115aa-8ef9-436c-9d18-32613f9fa286","https://www.fire.ca.gov/incidents/2020/6/11/border-7-fire/"
"35",6061,"Placer","2020-06-11","2020-06-11",-121.378879,38.733421,1,0.0625,"e86309b6-2223-4448-a7a2-bb83d4bc8352","https://www.fire.ca.gov/incidents/2020/6/11/watt-fire/"
"36",6067,"Sacramento","2020-06-12","2020-06-17",-121.201927,38.520981,6,7.878125,"86e91f38-4e2e-406f-ad97-5a3b47a9ce76","https://www.fire.ca.gov/incidents/2020/6/12/grant-fire/"
"37",6019,"Fresno","2020-06-12","2020-07-08",-119.36572,36.82276,27,0.8328125,"50adb8e9-d672-49fa-95d0-657879169302","https://www.fire.ca.gov/incidents/2020/6/12/hog-fire/"
"38",6043,"Mariposa","2020-06-13","2020-06-16",-120.08522,37.40827,4,0.2984375,"44bf7479-689e-4203-9f38-8b05917db66b","https://www.fire.ca.gov/incidents/2020/6/13/cornetts-fire/"
"39",6065,"Riverside","2020-06-13","2020-06-13",-117.461925,33.776033,1,0.015625,"90d7bf99-5b46-4a48-a07c-7468829e50b3","https://www.fire.ca.gov/incidents/2020/6/13/dawson-fire/"
"40",54041,"Mendocino","2020-06-13","2020-06-14",-80.49163,39.14783,2,0.053125,"2aa93d4d-809e-42ed-8025-7449711f667d","https://www.fire.ca.gov/incidents/2020/6/13/hopland-fire/"
"41",6079,"San Luis Obispo","2020-06-15","2020-06-19",-120.69959,35.17977,5,0.6953125,"4382036a-3c19-479e-9a78-325007c1de3b","https://www.fire.ca.gov/incidents/2020/6/15/avila-fire/"
"42",6053,"San Benito","2020-06-16","2020-06-21",-120.92925,36.3011,6,1.3984375,"2190e4db-2b64-4d98-a5f9-00cc6221eec8","https://www.fire.ca.gov/incidents/2020/6/16/bitter-fire/"
"43",6079,"San Luis Obispo","2020-06-16","2020-06-17",-120.56823,35.40953,2,0.028125,"2250dea8-20a0-4e5e-b86e-bfe7821892c2","https://www.fire.ca.gov/incidents/2020/6/16/riata-fire/"
"44",6009,"Calaveras","2020-06-16","2020-06-20",-120.72958,38.07741,5,2.2734375,"55a8e286-c088-45dc-8010-5c604dba3b69","https://www.fire.ca.gov/incidents/2020/6/16/walker-fire/"
"45",6007,"Butte","2020-06-17","2020-06-17",-121.60037,39.52408,1,0.1484375,"fc3411f0-f9e0-4d0c-86a3-71afbac23f4a","https://www.fire.ca.gov/incidents/2020/6/17/nelson-fire/"
"46",6077,"San Joaquin","2020-06-17","2020-06-18",-121.20828,38.23432,2,0.1390625,"7fc52805-21d4-4a56-b711-859d8c39e704","https://www.fire.ca.gov/incidents/2020/6/17/liberty-fire/"
"47",6053,"Monterey","2020-06-17","2020-06-22",-121.42113,35.9497,6,0.1296875,"0cb8b199-ab94-42a5-a441-db7f272b170c","https://www.fire.ca.gov/incidents/2020/6/17/ridge-fire/"
"48",6029,"Kern","2020-06-17","2020-06-18",-118.6894,35.27678,2,0.2578125,"c276a99a-8208-4402-b538-1e50aae50d63","https://www.fire.ca.gov/incidents/2020/6/17/baker-fire/"
"49",6061,"Placer","2020-06-18","2020-06-18",-121.33956,38.89178,1,0.171875,"2a79a833-693d-4dff-a199-c93b5a3ebe39","https://www.fire.ca.gov/incidents/2020/6/18/nelson-fire/"
"50",6107,"Tulare","2020-06-18","2020-06-22",-118.845123,36.37085,5,0.203125,"0fc1bc5b-7ac5-4a2c-8048-9ed74623b838","https://www.fire.ca.gov/incidents/2020/6/18/fork-fire/"
"51",6007,"Butte","2020-06-18","2020-06-18",-121.45372,39.37577,1,0.0203125,"036cc8f1-ab4e-488c-8c46-86ebbb176d3e","https://www.fire.ca.gov/incidents/2020/6/18/teddy-fire/"
"52",6107,"Tulare","2020-06-19","2020-06-22",-118.8613,35.89133,4,0.3390625,"0413caad-a48e-447b-8ed8-1c8933360f21","https://www.fire.ca.gov/incidents/2020/6/19/springs-fire/"
"53",6007,"Butte","2020-06-20","2020-06-20",-121.53976,39.36894,1,0.1390625,"a1959cb6-24e4-45e6-bcca-b792abe932ce","https://www.fire.ca.gov/incidents/2020/6/20/honcut-fire/"
"54",6109,"Tuolumne","2020-06-21","2020-07-07",-120.20316,38.08264,17,0.015625,"641c7a44-b74a-4dce-bd7d-44078847003b","https://www.fire.ca.gov/incidents/2020/6/21/quarter-fire/"
"55",6053,"Monterey","2020-06-21","2020-06-25",-121.08753,35.90835,5,0.3046875,"c50ced87-e83c-406c-b349-49cad87e680f","https://www.fire.ca.gov/incidents/2020/6/21/hunter-fire/"
"56",6053,"Monterey","2020-06-21","2020-06-22",-121.57407,36.69845,2,0.08125,"d0e31652-2b1e-4316-a1e0-c18ecb4ddbd7","https://www.fire.ca.gov/incidents/2020/6/21/stage-fire/"
"57",6107,"Tulare","2020-06-22","2020-06-26",-119.19677,36.5537,5,1.640625,"e7d05a34-0fdc-4db2-b713-0e10119d105d","https://www.fire.ca.gov/incidents/2020/6/22/grade-fire/"
"58",6053,"Monterey","2020-06-22","2020-06-23",-120.87858,35.9789,2,0.528125,"cf392ebe-9c69-4a28-b52b-3772c06b493c","https://www.fire.ca.gov/incidents/2020/6/22/rico-fire/"
"59",6079,"San Luis Obispo","2020-06-22","2020-06-23",-120.68326,35.62906,2,0.0234375,"58e5665a-7aff-4f14-8ebe-490e73d3d37a","https://www.fire.ca.gov/incidents/2020/6/22/river-fire/"
"60",6019,"Fresno","2020-06-23","2020-06-26",-119.33439,36.97511,4,0.0296875,"c5071feb-80ec-4fbb-9d2f-eee1f1cea68a","https://www.fire.ca.gov/incidents/2020/6/23/sycamore-fire/"
"61",6035,"Lassen","2020-06-23","2020-06-26",-120.28147,40.43203,4,0.8796875,"7d7f682a-0266-4758-93e6-795488af0687","https://www.fire.ca.gov/incidents/2020/6/23/r-2-fire/"
"62",6035,"Lassen","2020-06-24","2020-06-26",-120.04635,40.44793,3,0.328125,"54364494-e201-476a-8dc7-fbf2e0f94f60","https://www.fire.ca.gov/incidents/2020/6/24/r-3-fire/"
"63",6025,"Riverside","2020-06-24","2020-06-27",-115.96594,33.27665,4,0.01875,"5b8b9b63-9cc6-4d55-9502-87009d75732c","https://www.fire.ca.gov/incidents/2020/6/24/58-fire/"
"64",6099,"Stanislaus","2020-06-25","2020-06-26",-121.18355,37.46265,2,0.315625,"64b9cf19-314a-4986-ae35-cf89f1f8bc2a","https://www.fire.ca.gov/incidents/2020/6/25/diablo-fire/"
"65",6079,"San Luis Obispo","2020-06-25","2020-06-28",-119.88048,35.30742,4,0.4109375,"d10cd103-f627-497d-a338-6430438ed7fb","https://www.fire.ca.gov/incidents/2020/6/25/bend-fire/"
"66",6051,"Mono","2020-06-26","2020-07-02",-119.00289,38.22554,7,0.4375,"5b2b1489-ad5b-4104-b267-fdd61c0c48e9","https://www.fire.ca.gov/incidents/2020/6/26/aurora-fire/"
"67",32031,"State of Nevada","2020-06-27","2020-07-06",-119.81098,39.32596,10,4.6484375,"4db7101a-8097-4211-ab16-544f136dd35c","https://www.fire.ca.gov/incidents/2020/6/27/poeville-fire/"
"68",6085,"Merced","2020-06-28","2020-07-03",-121.21912,37.06641,6,3.425,"a9397846-b830-4a42-a7e6-d2be9684a989","https://www.fire.ca.gov/incidents/2020/6/28/pass-fire/"
"69",6079,"San Luis Obispo","2020-06-28","2020-06-28",-120.96759,35.69993,1,0.0515625,"a6c54f7f-20f5-4c3b-a27b-745d7274def6","https://www.fire.ca.gov/incidents/2020/6/28/gage-fire/"
"70",6035,"Lassen","2020-06-29","2020-06-29",-121.2199939,41.0336731,1,0.01875,"58a3d354-a532-440e-bfa8-aca414cf4cd0","https://www.fire.ca.gov/incidents/2020/6/29/muck-fire/"
"71",6007,"Butte","2020-06-30","2020-07-03",-121.4319,39.3784,4,0.2125,"fd24cc01-1057-4572-a83b-1775d49f42f7","https://www.fire.ca.gov/incidents/2020/6/30/avacado-fire/"
"72",6105,"Trinity","2020-06-30","2020-07-24",-123.437051,40.791509,25,0.096875,"49378c25-ecdb-406d-829b-755f2b248fcd","https://www.fire.ca.gov/incidents/2020/6/30/flat-fire/"
"73",6029,"Kern","2020-07-01","2020-07-03",-118.702732,35.310132,3,4.53125,"14042a79-1fd0-4e82-b17d-1b201306de22","https://www.fire.ca.gov/incidents/2020/7/1/bena-fire/"
"74",6037,"Los Angeles","2020-07-01","2020-07-05",-118.324601,34.542742,5,1.0125,"ba60e1c4-d812-4b33-9a2e-b240a1b29408","https://www.fire.ca.gov/incidents/2020/7/1/rowher-fire/"
"75",6039,"Madera","2020-07-02","2020-07-03",-119.9252132,36.9678542,2,0.9328125,"f969420f-82a1-4edd-b7d3-28672e9d74b3","https://www.fire.ca.gov/incidents/2020/7/2/bonadelle-fire/"
"76",6079,"San Luis Obispo","2020-07-03","2020-07-05",-120.053275,35.393889,3,0.2453125,"ac5dad8d-89f2-4f3f-b710-34661754ebb6","https://www.fire.ca.gov/incidents/2020/7/3/soda-fire/"
"77",6071,"San Bernardino","2020-07-03","2020-07-06",-117.124353,34.182436,4,0.096875,"b564196f-6499-4e1e-b896-7b6211d97f90","https://www.fire.ca.gov/incidents/2020/7/3/mount-r-fire/"
"78",6001,"Alameda","2020-07-04","2020-07-05",-121.876277,37.536015,2,0.16875,"43289809-2636-4d90-8ed2-0012575d9e1d","https://www.fire.ca.gov/incidents/2020/7/4/sheridan-fire/"
"79",6085,"Santa Clara","2020-07-05","2020-07-06",-121.567505,37.166733,2,0.5359375,"7f3042f1-3e76-4c3e-82c9-a0761c1c8b90","https://www.fire.ca.gov/incidents/2020/7/5/park-fire/"
"80",6085,"Santa Clara","2020-07-05","2020-07-13",-121.501532,37.034839,9,8.6140625,"304a6ef7-53f6-4d2d-8d11-be431a7d75e8","https://www.fire.ca.gov/incidents/2020/7/5/crews-fire/"
"81",6037,"Los Angeles","2020-07-05","2020-07-10",-118.328877,34.467915,6,2.3828125,"2102ace4-f67b-4060-8795-f3cea12917e3","https://www.fire.ca.gov/incidents/2020/7/5/soledad-fire/"
"82",6077,"San Joaquin","2020-07-06","2020-07-06",-121.53524,37.71984,1,0.234375,"ce7dddd1-7a79-4aa4-b6bc-f4181aa2ac05","https://www.fire.ca.gov/incidents/2020/7/6/patterson-fire/"
"83",6095,"Solano","2020-07-06","2020-07-09",-122.12447,38.21614,4,0.1171875,"deaaf3fb-e0b2-4430-97cc-10d6d626df27","https://www.fire.ca.gov/incidents/2020/7/6/mountain-meadow-fire/"
"84",6011,"Colusa","2020-07-07","2020-07-09",-122.65813,39.35498,3,0.0390625,"a378ae17-9133-433f-8b63-23a1a7c6a4c6","https://www.fire.ca.gov/incidents/2020/7/7/nail-fire/"
"85",6065,"Riverside","2020-07-09","2020-07-09",-116.7464168,33.551838,1,0.015625,"b4413d75-dc78-4810-9db3-c644a1afc5f3","https://www.fire.ca.gov/incidents/2020/7/9/tripp-fire/"
"86",6085,"Santa Clara","2020-07-11","2020-07-11",-121.79349,37.37731,1,0.0484375,"49be3366-f2b6-4ff5-8541-a25ad9bdc607","https://www.fire.ca.gov/incidents/2020/7/11/alum-fire/"
"87",6039,"Madera","2020-07-11","2020-07-15",-119.50307,37.1487,5,0.16875,"1d6a3faf-2e35-4c7e-9efd-54339ad56ed6","https://www.fire.ca.gov/incidents/2020/7/11/power-fire/"
"88",6065,"Riverside","2020-07-13","2020-07-13",-117.108421,33.623968,1,0.003125,"2865a54c-f7c1-4595-b4b9-1c8082df22ce","https://www.fire.ca.gov/incidents/2020/7/13/elliot-fire/"
"89",6007,"Butte","2020-07-13","2020-07-15",-121.37994,39.43227,3,0.0515625,"dd705c7f-d18b-49a5-be60-c828d5c047fb","https://www.fire.ca.gov/incidents/2020/7/13/robinson-fire/"
"90",6065,"Riverside","2020-07-13","2020-07-15",-116.83552,33.48429,3,0.1421875,"777f38a7-7d43-4641-998f-8524c692980c","https://www.fire.ca.gov/incidents/2020/7/13/casino-fire/"
"91",6019,"Fresno","2020-07-13","2020-07-26",-120.52193,36.09493,14,46.3546875,"ef5e4d08-bf3f-4df1-90b7-92e4e2a2fc91","https://www.fire.ca.gov/incidents/2020/7/13/mineral-fire/"
"92",6069,"San Benito","2020-07-15","2020-07-18",-121.04401,36.653,4,2.35625,"03459423-a538-4952-ba0c-c020face9151","https://www.fire.ca.gov/incidents/2020/7/15/coyote-fire/"
"93",6043,"Mariposa","2020-07-15","2020-07-18",-119.95807,37.42319,4,0.075,"79575aba-0ca4-446e-a28e-39bafbad368e","https://www.fire.ca.gov/incidents/2020/7/15/ben-fire/"
"94",6115,"Yuba","2020-07-15","2020-07-15",-121.33589,39.10112,1,0.78125,"d268fd6c-a177-47b2-b13c-2ac26a02289e","https://www.fire.ca.gov/incidents/2020/7/15/valley-fire/"
"95",6001,"Alameda","2020-07-16","2020-07-19",-121.59374,37.64044,4,0.3953125,"a417d993-c3bf-4c5b-a01a-7d56a209a12d","https://www.fire.ca.gov/incidents/2020/7/16/hollow-fire/"
"96",6071,"San Bernardino","2020-07-17","2020-07-20",-116.97557,34.39464,4,0.1859375,"4035078f-8136-447e-8daf-3a63462a73d9","https://www.fire.ca.gov/incidents/2020/7/17/pitzer-fire/"
"97",6093,"Siskiyou","2020-07-18","2020-07-28",-122.69296,41.79319,11,0.8703125,"9520d0cb-1a4f-4dc0-bd38-967f5ee353f0","https://www.fire.ca.gov/incidents/2020/7/18/badger-fire/"
"98",6035,"Lassen","2020-07-18","2020-08-17",-120.86375,40.420886,31,14.94375,"fc0b7761-54a3-4275-a550-313d2b604f5e","https://www.fire.ca.gov/incidents/2020/7/18/hog-fire/"
"99",6089,"Shasta","2020-07-19","2020-07-27",-122.792645,40.462621,9,0.53125,"c4d60e70-ee95-41f1-9e6e-4df4bdae3748","https://www.fire.ca.gov/incidents/2020/7/19/platina-fire/"
"100",6035,"Lassen","2020-07-20","2020-08-12",-120.923293,41.11037,24,35.365625,"9d4f56ae-b319-49b0-9a77-10088a2defda","https://www.fire.ca.gov/incidents/2020/7/20/gold-fire/"
"101",6023,"Humboldt","2020-07-20","2020-08-18",-123.6986222,41.1849445,30,0.15625,"1c0e692a-8afc-41e9-8ac7-d27b977f0cdd","https://www.fire.ca.gov/incidents/2020/7/20/milepost-21-fire/"
"102",6007,"Butte","2020-07-20","2020-07-21",-121.604579,39.506597,2,0.046875,"64390cd6-42d4-4e9e-8dd9-1077f5191243","https://www.fire.ca.gov/incidents/2020/7/20/feather-fire/"
"103",6013,"Contra Costa","2020-07-20","2020-07-20",-121.620238,37.977309,1,0.1171875,"cac8f4bf-d269-4f13-b59c-07670b34f81f","https://www.fire.ca.gov/incidents/2020/7/20/holland-fire/"
"104",6071,"San Bernardino","2020-07-20","2020-07-21",-117.192142,34.135626,2,0.1109375,"f66fb4e4-cd4c-4410-9c00-43fed5882fb4","https://www.fire.ca.gov/incidents/2020/7/20/easton-fire/"
"105",6039,"Madera","2020-07-20","2020-07-21",-119.932391,37.118075,2,0.2109375,"8146a328-05df-4b38-b11e-1c6fcedb1df7","https://www.fire.ca.gov/incidents/2020/7/20/rabbit-fire/"
"106",6051,"Mono","2020-07-21","2020-08-12",-118.711135,37.518879,23,0.1875,"1505ac89-a71c-4c77-9ae4-fb3eb34dbc66","https://www.fire.ca.gov/incidents/2020/7/21/iris-fire/"
"107",6065,"Riverside","2020-07-24","2020-07-25",-117.033124,33.93327,2,0.2265625,"22bb346a-660e-46cb-8c54-dbcda18fc4d6","https://www.fire.ca.gov/incidents/2020/7/24/jack-fire/"
"108",6011,"Colusa","2020-07-24","2020-07-25",-122.359663,39.013591,2,0.215625,"0364a8dd-0971-4f24-a020-6f4e97ccbace","https://www.fire.ca.gov/incidents/2020/7/24/hill-fire/"
"109",6065,"Riverside","2020-07-25","2020-07-28",-117.429598,34.028116,4,0.390625,"4d799b0d-240a-40fa-9ca7-f64aa1cd4002","https://www.fire.ca.gov/incidents/2020/7/25/karen-fire/"
"110",6067,"Sacramento","2020-07-26","2020-07-26",-121.044895,38.420382,1,0.0796875,"1cffff17-9678-4f17-837a-e4e11ae77c1b","https://www.fire.ca.gov/incidents/2020/7/26/ione-fire/"
"111",6037,"Los Angeles","2020-07-27","2020-07-30",-118.72004,34.75844,4,0.5015625,"dfc476d5-b274-4bfb-bf55-4af5ef611f5e","https://www.fire.ca.gov/incidents/2020/7/27/ridge-fire/"
"112",6023,"Humboldt","2020-07-27","2020-07-31",-124.19954,40.78804,5,0.0390625,"4751b58f-771f-4d9c-b742-4aad10ef45eb","https://www.fire.ca.gov/incidents/2020/7/27/lincoln-fire/"
"113",6079,"San Luis Obispo","2020-07-28","2020-08-01",-120.00521,35.35146,5,4.721875,"b7cf91b3-e441-46c7-8214-a2ce84a21a3d","https://www.fire.ca.gov/incidents/2020/7/28/branch-fire/"
"114",6071,"San Bernardino","2020-07-29","2020-08-01",-117.45479,34.25143,4,0.2890625,"71cf5cd0-78c3-482c-b0d3-148bb24c4853","https://www.fire.ca.gov/incidents/2020/7/29/brook-fire/"
"115",6067,"Sacramento","2020-07-29","2020-07-30",-121.17197,38.40329,2,1.140625,"3481e6e5-c6e8-4891-9e65-fdc3147ae579","https://www.fire.ca.gov/incidents/2020/7/29/clay-fire/"
"116",6065,"Riverside","2020-07-30","2020-07-31",-117.034461,33.934137,2,0.1625,"aa193e22-7d46-42fa-8638-8ee1e1cbaa2c","https://www.fire.ca.gov/incidents/2020/7/30/rabbit-fire/"
"117",6029,"Kern","2020-07-30","2020-07-31",-118.7933,35.14357,2,0.3640625,"04013e6f-d207-4043-8d3d-00aa5d332d85","https://www.fire.ca.gov/incidents/2020/7/30/sheep-fire/"
"118",6079,"San Luis Obispo","2020-08-01","2020-08-09",-120.47346,35.43128,9,3.065625,"5f88019a-39cf-43ff-921f-d5442e47f98d","https://www.fire.ca.gov/incidents/2020/8/1/pond-fire/"
"119",6017,"El Dorado","2020-08-02","2020-08-02",-121.103299,38.686478,1,0.05625,"dddf569c-7540-4822-8bf4-bd15d5c4473e","https://www.fire.ca.gov/incidents/2020/8/2/sophia-fire/"
"120",6065,"Riverside","2020-08-02","2020-08-04",-116.641846,33.924086,3,0.08125,"f05306b4-6281-4140-9d63-ea077c080ce9","https://www.fire.ca.gov/incidents/2020/8/2/water-fire/"
"121",6035,"Lassen","2020-08-02","2020-08-10",-120.44811,40.36764,9,10.753125,"91f3f77d-6b4a-47fb-bc79-a0250cded29a","https://www.fire.ca.gov/incidents/2020/8/2/north-fire/"
"122",6011,"Colusa","2020-08-02","2020-08-05",-122.48525,39.31313,4,0.875,"7482a8eb-a31c-4556-b8d5-e6f86c4f3904","https://www.fire.ca.gov/incidents/2020/8/2/sites-fire/"
"123",6037,"Los Angeles","2020-08-02","2020-08-04",-118.21608,34.04447,3,0.1875,"8d4fb3c6-8522-491b-a388-afad50660bfb","https://www.fire.ca.gov/incidents/2020/8/2/post-fire/"
"124",6115,"Yuba","2020-08-02","2020-08-03",-121.38178,39.11307,2,0.9375,"8b1c928f-99e8-4778-a988-445e154a00e3","https://www.fire.ca.gov/incidents/2020/8/2/beale-fire/"
"125",6037,"Los Angeles","2020-08-03","2020-08-06",-118.49731,34.3428,4,0.3125,"e2d97d53-bcff-4f0d-8b94-0ccfeb100f15","https://www.fire.ca.gov/incidents/2020/8/3/elsmere-fire/"
"126",6029,"Kern","2020-08-03","2020-08-18",-118.53361,35.43044,16,12.125,"e2334135-81c5-44a5-b20d-c3a9b1301531","https://www.fire.ca.gov/incidents/2020/8/3/stagecoach-fire/"
"127",6079,"San Luis Obispo","2020-08-04","2020-08-05",-120.40457,35.61521,2,0.4375,"7ece0a57-ab39-4d98-83bd-2a09f32b5242","https://www.fire.ca.gov/incidents/2020/8/4/pass-fire/"
"128",6029,"Kern","2020-08-06","2020-08-07",-118.92967,34.93929,2,0.4328125,"a79536eb-5ceb-4219-9b96-fa0632c4a289","https://www.fire.ca.gov/incidents/2020/8/6/fort-fire/"
"129",6045,"Mendocino","2020-08-10","2020-08-12",-123.262437,39.82454,3,0.2765625,"c4e48556-0c23-45e6-aebe-d1bcda4e52c5","https://www.fire.ca.gov/incidents/2020/8/10/mina-fire/"
"130",6061,"Placer","2020-08-10","2020-08-11",-121.318472,38.81111,2,0.1015625,"56e82924-7e7b-4cd0-9221-7f299718b493","https://www.fire.ca.gov/incidents/2020/8/10/duluth-fire/"
"131",6035,"Lassen","2020-08-11","2020-08-12",-120.549595,40.590714,2,0.4453125,"3d5e2cbc-f2f3-4cd3-b6cc-0b2483940f8d","https://www.fire.ca.gov/incidents/2020/8/11/r-1-fire/"
"132",6029,"Kern","2020-08-12","2020-08-12",-119.444977,34.962524,1,0.6625,"14e1721e-3907-4b2f-b9f9-3842a7d7106e","https://www.fire.ca.gov/incidents/2020/8/12/soda-fire/"
"133",6037,"Los Angeles","2020-08-12","2020-09-28",-118.452,34.679,48,48.5765625,"49ef4e59-6a57-4219-a29b-d75f1297e356","https://www.fire.ca.gov/incidents/2020/8/12/lake-fire/"
"134",6079,"San Luis Obispo","2020-08-12","2020-08-12",-119.987565,35.308259,1,0.2859375,"d6ac2ead-0f03-4c79-bda7-a7a2f11050b6","https://www.fire.ca.gov/incidents/2020/8/12/carrizo-fire/"
"135",6067,"Sacramento","2020-08-13","2020-08-14",-121.172572,38.474502,2,0.8,"5258de73-6c10-44ac-99e0-88602a8a83f5","https://www.fire.ca.gov/incidents/2020/8/13/meiss-fire/"
"136",6007,"Butte","2020-08-14","2020-08-14",-121.633994,39.647686,1,0.171875,"0707e044-ba48-42eb-9263-6e2aff583b33","https://www.fire.ca.gov/incidents/2020/8/14/clark-fire/"
"137",6091,"Sierra","2020-08-14","2020-08-26",-120.143473,39.702438,13,73.4828125,"ab24840f-90e8-460c-bc88-d25091d7b61f","https://www.fire.ca.gov/incidents/2020/8/14/loyalton-fire/"
"138",6079,"San Luis Obispo","2020-08-15","2020-08-19",-120.856731,35.472114,5,0.4875,"36aa4641-bb29-4b34-baad-e96406b4f702","https://www.fire.ca.gov/incidents/2020/8/15/whale-fire/"
"139",6079,"San Luis Obispo","2020-08-16","2020-08-17",-120.801074,35.519723,2,0.03125,"f6f24a2c-2072-4736-bca7-9a615af3156d","https://www.fire.ca.gov/incidents/2020/8/16/3-2-fire/"
"140",6021,"Glenn","2020-08-16","2020-08-17",-122.427358,39.52452,2,1.1359375,"119469ac-fe6b-4934-ac17-36a73cefe958","https://www.fire.ca.gov/incidents/2020/8/16/elk-fire/"
"141",6057,"Nevada","2020-08-17","2020-08-28",-121.100352,39.29241,12,1.1015625,"a7b2fc4a-18ce-4a89-b192-24c1389c014c","https://www.fire.ca.gov/incidents/2020/8/17/jones-fire/"
"142",6051,"Mono","2020-08-17","2020-08-28",-119.010655,37.919382,12,0,"dae6355c-6a97-4031-a0cb-b34448bc41dc","https://www.fire.ca.gov/incidents/2020/8/17/beach-fire/"
"143",6021,"Glenn","2020-08-17","2020-08-19",-122.5012461,39.555943,3,0.4296875,"625e0c82-b8a2-4acc-8ff5-19787ca65b69","https://www.fire.ca.gov/incidents/2020/8/17/4-8-fire/"
"144",6017,"El Dorado","2020-08-17","2020-08-19",-120.876546,38.840068,3,0.021875,"1b0a862b-8fd9-4aa9-8ac7-f6ca6b3cbd39","https://www.fire.ca.gov/incidents/2020/8/17/murphy-fire/"
"145",6087,"Santa Cruz, San Mateo","2020-08-16","2020-09-22",-122.22275,37.17162,38,135.1703125,"d19ac7c7-c899-4600-82c9-fe24dc29f3c9","https://www.fire.ca.gov/incidents/2020/8/16/czu-lightning-complex-including-warnella-fire/"
"146",6099,"Santa Clara, Alameda, Contra Costa, San Joaquin, Stanislaus","2020-08-18","2020-10-01",-121.30435,37.439437,45,619.725,"22c6ea3c-304c-4b3b-bfba-7c9dfc63d9da","https://www.fire.ca.gov/incidents/2020/8/18/scu-lightning-complex/"
"147",6045,"Mendocino","2020-08-18","2020-08-21",-123.013667,39.276,4,0.096875,"c387f9ae-a783-4dab-b9b7-12866c8a6a34","https://www.fire.ca.gov/incidents/2020/8/18/3-19-fire/"
"148",6045,"Mendocino","2020-08-18","2020-08-21",-123.2111007,39.8174372,4,1.28125,"1eadad68-344e-4728-8390-b0d31b96333d","https://www.fire.ca.gov/incidents/2020/8/18/creek-fire/"
"149",6055,"Napa, Sonoma, Lake, Yolo, Solano","2020-08-17","2020-10-02",-122.14864,38.48193,47,567.53125,"9645c55f-2b11-40ab-9ae7-df424d685a2d","https://www.fire.ca.gov/incidents/2020/8/17/lnu-lightning-complex-includes-hennessey-gamble-15-10-spanish-markley-13-4-11-16-walbridge/"
"150",6103,"Tehama, Glenn","2020-08-19","2020-10-09",-122.4393,40.09571,52,30.6390625,"f6aba342-3b28-460b-a88a-96ccbdcb3c14","https://www.fire.ca.gov/incidents/2020/8/19/buttetehamaglenn-lightning-complex-tehamaglenn-zone/"
"151",6009,"Calaveras","2020-08-19","2020-08-19",-120.85258,38.03106,1,0.0859375,"7486c76a-019a-496f-9d5c-f4b962906fe4","https://www.fire.ca.gov/incidents/2020/8/19/flint-fire/"
"152",6109,"Tuolumne","2020-08-20","2020-08-30",-120.312565,37.813779,11,4.4640625,"c57a1d32-216b-443e-bb67-87be3232bf8b","https://www.fire.ca.gov/incidents/2020/8/20/moc-fire/"
"153",6073,"San Diego","2020-08-20","2020-08-22",-117.328234,33.454896,3,0.0703125,"d09da426-ed85-4909-892b-2505c4813d93","https://www.fire.ca.gov/incidents/2020/8/20/volcano-fire/"
"154",6085,"Santa Clara","2020-08-21","2020-08-26",-121.68465,37.18725,6,0.2234375,"a453303f-cb87-430a-9a3c-d9b2f0b7ceb2","https://www.fire.ca.gov/incidents/2020/8/21/coyote-fire/"
"155",6063,"Plumas","2020-08-22","2020-09-09",-120.757,40.274,19,46.203125,"6edfd658-def5-451c-86bd-83cb2280e34f","https://www.fire.ca.gov/incidents/2020/8/22/sheep-fire/"
"156",6035,"Lassen","2020-08-23","2020-09-16",-120.281389,41.028611,25,0,"354f212b-e177-45dd-920c-9f427afdb740","https://www.fire.ca.gov/incidents/2020/8/23/w-5-cold-springs/"
"157",6041,"Marin","2020-08-18","2020-10-02",-122.836701,38.018089,46,7.7015625,"60c2ba16-9296-4fb9-aba2-1331c25129c6","https://www.fire.ca.gov/incidents/2020/8/18/woodward-fire/"
"158",6037,"Los Angeles","2020-08-28","2020-08-30",-118.36411,34.65979,3,0.453125,"1a62a4b4-ad1a-4e12-b8ed-a3a50e3d1722","https://www.fire.ca.gov/incidents/2020/8/28/johnson-fire/"
"159",6039,"Madera","2020-08-30","2020-08-30",-119.88673,37.08053,1,1.075,"5937fad1-a332-4d92-ba83-c8022173b5ba","https://www.fire.ca.gov/incidents/2020/8/30/hensley-fire/"
"160",6105,"Trinity","2020-09-01","2020-09-10",-123.12461,40.82126,10,0,"8856e738-79bf-4a21-8926-f1abbbac3a6f","https://www.fire.ca.gov/incidents/2020/9/1/hobo-fire/"
"161",6033,"Lake","2020-09-01","2020-09-02",-122.637037,39.012743,2,0.0203125,"44276cce-9fe4-472d-aac6-4d08e9d01365","https://www.fire.ca.gov/incidents/2020/9/1/catholic-fire/"
"162",6073,"San Diego","2020-09-05","2020-09-24",-116.692705,32.765615,20,25.609375,"9277ab02-734d-4b01-ac35-c27ba62c2af3","https://www.fire.ca.gov/incidents/2020/9/5/valley-fire/"
"163",6045,"Mendocino","2020-09-07","2020-09-14",-123.3965,39.4935,8,1.71875,"6fd76607-08af-4c44-9e40-edde0bc9d6cf","https://www.fire.ca.gov/incidents/2020/9/7/oak-fire/"
"164",6115,"Yuba","2020-09-09","2020-09-14",-121.32361,39.3637,6,2.0484375,"7442faa1-3681-4b85-8ed7-229e34ee3011","https://www.fire.ca.gov/incidents/2020/9/9/willow-fire/"
"165",6099,"Stanislaus","2020-09-08","2020-09-09",-121.18018,37.46377,2,0.0703125,"a7f3e6f3-3e15-4350-a0f7-2a5392e0708d","https://www.fire.ca.gov/incidents/2020/9/8/sperry-fire/"
"166",6093,"Siskiyou","2020-09-09","2020-09-17",-122.84057,41.68229,9,0.0703125,"2cdf609e-de06-4e0b-a2bc-527ffde51064","https://www.fire.ca.gov/incidents/2020/9/9/schoolhouse-fire/"
"167",6093,"Siskiyou","2020-09-11","2020-09-21",-123.021635,41.575549,11,0.078125,"8ffb7148-7668-452a-8fbc-3a2b49b753ea","https://www.fire.ca.gov/incidents/2020/9/11/shackleford-fire/"
"168",6093,"Siskiyou","2020-09-16","2020-09-30",-122.847359,41.211022,15,3.41875,"4f2c2a0b-d187-4e11-8841-3a014cadd739","https://www.fire.ca.gov/incidents/2020/9/16/fox-fire/"
"169",6083,"Santa Barbara","2020-09-16","2020-09-18",-120.491594,34.773809,3,0.1734375,"55684e7d-4312-408d-8538-51e2006581b0","https://www.fire.ca.gov/incidents/2020/9/16/san-antonio-fire/"
